"","Player","Game","opponent","Round Number","Your Play","Opponent's Play","Your Current Allocation","Opponent's Current Allocation","pi_allocation","oi_allocation","split"
"1","Player 1","Game 1",2,1,"A","B",13,9,11,11,"even"
"2","Player 1","Game 1",2,2,NA,NA,NA,NA,11,11,"even"
"3","Player 1","Game 1",2,3,NA,NA,NA,NA,11,11,"even"
"4","Player 1","Game 1",2,4,NA,NA,NA,NA,11,11,"even"
"45","Player 1","Game 2",2,1,"A","B",13,9,11,11,"even"
"46","Player 1","Game 2",2,2,NA,NA,NA,NA,11,11,"even"
"47","Player 1","Game 2",2,3,NA,NA,NA,NA,11,11,"even"
"48","Player 1","Game 2",2,4,NA,NA,NA,NA,11,11,"even"
"57","Player 1","Game 3",3,1,"A","B",13,9,11,11,"even"
"58","Player 1","Game 3",3,2,NA,NA,NA,NA,11,11,"even"
"59","Player 1","Game 3",3,3,NA,NA,NA,NA,11,11,"even"
"60","Player 1","Game 3",3,4,NA,NA,NA,NA,11,11,"even"
"61","Player 1","Game 4",7,1,"A","B",13,18,11,20,"odd"
"62","Player 1","Game 4",7,2,NA,NA,NA,NA,11,20,"odd"
"63","Player 1","Game 4",7,3,NA,NA,NA,NA,11,20,"odd"
"64","Player 1","Game 4",7,4,NA,NA,NA,NA,11,20,"odd"
"65","Player 1","Game 5",2,1,"A","B",22,9,20,11,"odd"
"66","Player 1","Game 5",2,2,NA,NA,NA,NA,20,11,"odd"
"67","Player 1","Game 5",2,3,NA,NA,NA,NA,20,11,"odd"
"68","Player 1","Game 5",2,4,NA,NA,NA,NA,20,11,"odd"
"69","Player 1","Game 6",3,1,"A","B",13,9,11,11,"even"
"70","Player 1","Game 6",3,2,NA,NA,NA,NA,11,11,"even"
"71","Player 1","Game 6",3,3,NA,NA,NA,NA,11,11,"even"
"72","Player 1","Game 6",3,4,NA,NA,NA,NA,11,11,"even"
"73","Player 1","Game 7",12,1,"A","A",19,10,20,11,"odd"
"74","Player 1","Game 7",12,2,"A","A",17,8,20,11,"odd"
"75","Player 1","Game 7",12,3,"A","A",14,5,20,11,"odd"
"76","Player 1","Game 7",12,4,"A","B",19,0,20,11,"odd"
"77","Player 1","Game 8",11,1,"A","B",13,9,11,11,"even"
"78","Player 1","Game 8",11,2,NA,NA,NA,NA,11,11,"even"
"79","Player 1","Game 8",11,3,NA,NA,NA,NA,11,11,"even"
"80","Player 1","Game 8",11,4,NA,NA,NA,NA,11,11,"even"
"81","Player 1","Game 9",3,1,"A","B",13,18,11,20,"odd"
"82","Player 1","Game 9",3,2,NA,NA,NA,NA,11,20,"odd"
"83","Player 1","Game 9",3,3,NA,NA,NA,NA,11,20,"odd"
"84","Player 1","Game 9",3,4,NA,NA,NA,NA,11,20,"odd"
"5","Player 1","Game 10",8,1,"A","B",13,9,11,11,"even"
"6","Player 1","Game 10",8,2,NA,NA,NA,NA,11,11,"even"
"7","Player 1","Game 10",8,3,NA,NA,NA,NA,11,11,"even"
"8","Player 1","Game 10",8,4,NA,NA,NA,NA,11,11,"even"
"9","Player 1","Game 11",6,1,"A","B",13,9,11,11,"even"
"10","Player 1","Game 11",6,2,NA,NA,NA,NA,11,11,"even"
"11","Player 1","Game 11",6,3,NA,NA,NA,NA,11,11,"even"
"12","Player 1","Game 11",6,4,NA,NA,NA,NA,11,11,"even"
"13","Player 1","Game 12",7,1,"A","B",13,18,11,20,"odd"
"14","Player 1","Game 12",7,2,NA,NA,NA,NA,11,20,"odd"
"15","Player 1","Game 12",7,3,NA,NA,NA,NA,11,20,"odd"
"16","Player 1","Game 12",7,4,NA,NA,NA,NA,11,20,"odd"
"17","Player 1","Game 13",5,1,"A","B",22,9,20,11,"odd"
"18","Player 1","Game 13",5,2,NA,NA,NA,NA,20,11,"odd"
"19","Player 1","Game 13",5,3,NA,NA,NA,NA,20,11,"odd"
"20","Player 1","Game 13",5,4,NA,NA,NA,NA,20,11,"odd"
"21","Player 1","Game 14",11,1,"A","B",13,9,11,11,"even"
"22","Player 1","Game 14",11,2,NA,NA,NA,NA,11,11,"even"
"23","Player 1","Game 14",11,3,NA,NA,NA,NA,11,11,"even"
"24","Player 1","Game 14",11,4,NA,NA,NA,NA,11,11,"even"
"25","Player 1","Game 15",2,1,"A","B",13,9,11,11,"even"
"26","Player 1","Game 15",2,2,NA,NA,NA,NA,11,11,"even"
"27","Player 1","Game 15",2,3,NA,NA,NA,NA,11,11,"even"
"28","Player 1","Game 15",2,4,NA,NA,NA,NA,11,11,"even"
"29","Player 1","Game 16",10,1,"A","A",10,10,11,11,"even"
"30","Player 1","Game 16",10,2,"A","A",8,8,11,11,"even"
"31","Player 1","Game 16",10,3,"A","A",5,5,11,11,"even"
"32","Player 1","Game 16",10,4,"A","A",1,1,11,11,"even"
"33","Player 1","Game 17",7,1,"A","A",19,10,20,11,"odd"
"34","Player 1","Game 17",7,2,"A","A",17,8,20,11,"odd"
"35","Player 1","Game 17",7,3,"A","A",14,5,20,11,"odd"
"36","Player 1","Game 17",7,4,"A","A",10,1,20,11,"odd"
"37","Player 1","Game 18",8,1,"A","B",13,9,11,11,"even"
"38","Player 1","Game 18",8,2,NA,NA,NA,NA,11,11,"even"
"39","Player 1","Game 18",8,3,NA,NA,NA,NA,11,11,"even"
"40","Player 1","Game 18",8,4,NA,NA,NA,NA,11,11,"even"
"41","Player 1","Game 19",12,1,"A","A",10,10,11,11,"even"
"42","Player 1","Game 19",12,2,"A","A",8,8,11,11,"even"
"43","Player 1","Game 19",12,3,"A","A",5,5,11,11,"even"
"44","Player 1","Game 19",12,4,"A","A",1,1,11,11,"even"
"49","Player 1","Game 20",6,1,"A","B",13,9,11,11,"even"
"50","Player 1","Game 20",6,2,NA,NA,NA,NA,11,11,"even"
"51","Player 1","Game 20",6,3,NA,NA,NA,NA,11,11,"even"
"52","Player 1","Game 20",6,4,NA,NA,NA,NA,11,11,"even"
"53","Player 1","Game 21",3,1,"A","B",13,9,11,11,"even"
"54","Player 1","Game 21",3,2,NA,NA,NA,NA,11,11,"even"
"55","Player 1","Game 21",3,3,NA,NA,NA,NA,11,11,"even"
"56","Player 1","Game 21",3,4,NA,NA,NA,NA,11,11,"even"
"337","Player 2","Game 1",1,1,"B","A",9,13,11,11,"even"
"338","Player 2","Game 1",1,2,NA,NA,NA,NA,11,11,"even"
"339","Player 2","Game 1",1,3,NA,NA,NA,NA,11,11,"even"
"340","Player 2","Game 1",1,4,NA,NA,NA,NA,11,11,"even"
"381","Player 2","Game 2",1,1,"B","A",9,13,11,11,"even"
"382","Player 2","Game 2",1,2,NA,NA,NA,NA,11,11,"even"
"383","Player 2","Game 2",1,3,NA,NA,NA,NA,11,11,"even"
"384","Player 2","Game 2",1,4,NA,NA,NA,NA,11,11,"even"
"393","Player 2","Game 3",6,1,"B","A",9,22,11,20,"odd"
"394","Player 2","Game 3",6,2,NA,NA,NA,NA,11,20,"odd"
"395","Player 2","Game 3",6,3,NA,NA,NA,NA,11,20,"odd"
"396","Player 2","Game 3",6,4,NA,NA,NA,NA,11,20,"odd"
"397","Player 2","Game 4",10,1,"A","A",10,10,11,11,"even"
"398","Player 2","Game 4",10,2,"B","A",7,13,11,11,"even"
"399","Player 2","Game 4",10,3,NA,NA,NA,NA,11,11,"even"
"400","Player 2","Game 4",10,4,NA,NA,NA,NA,11,11,"even"
"401","Player 2","Game 5",1,1,"B","A",9,22,11,20,"odd"
"402","Player 2","Game 5",1,2,NA,NA,NA,NA,11,20,"odd"
"403","Player 2","Game 5",1,3,NA,NA,NA,NA,11,20,"odd"
"404","Player 2","Game 5",1,4,NA,NA,NA,NA,11,20,"odd"
"405","Player 2","Game 6",6,1,"B","B",11,11,11,11,"even"
"406","Player 2","Game 6",6,2,NA,NA,NA,NA,11,11,"even"
"407","Player 2","Game 6",6,3,NA,NA,NA,NA,11,11,"even"
"408","Player 2","Game 6",6,4,NA,NA,NA,NA,11,11,"even"
"409","Player 2","Game 7",5,1,"B","B",11,11,11,11,"even"
"410","Player 2","Game 7",5,2,NA,NA,NA,NA,11,11,"even"
"411","Player 2","Game 7",5,3,NA,NA,NA,NA,11,11,"even"
"412","Player 2","Game 7",5,4,NA,NA,NA,NA,11,11,"even"
"413","Player 2","Game 8",8,1,"B","B",11,11,11,11,"even"
"414","Player 2","Game 8",8,2,NA,NA,NA,NA,11,11,"even"
"415","Player 2","Game 8",8,3,NA,NA,NA,NA,11,11,"even"
"416","Player 2","Game 8",8,4,NA,NA,NA,NA,11,11,"even"
"417","Player 2","Game 9",11,1,"B","B",11,11,11,11,"even"
"418","Player 2","Game 9",11,2,NA,NA,NA,NA,11,11,"even"
"419","Player 2","Game 9",11,3,NA,NA,NA,NA,11,11,"even"
"420","Player 2","Game 9",11,4,NA,NA,NA,NA,11,11,"even"
"341","Player 2","Game 10",11,1,"B","B",11,20,11,20,"odd"
"342","Player 2","Game 10",11,2,NA,NA,NA,NA,11,20,"odd"
"343","Player 2","Game 10",11,3,NA,NA,NA,NA,11,20,"odd"
"344","Player 2","Game 10",11,4,NA,NA,NA,NA,11,20,"odd"
"345","Player 2","Game 11",12,1,"A","B",13,9,11,11,"even"
"346","Player 2","Game 11",12,2,NA,NA,NA,NA,11,11,"even"
"347","Player 2","Game 11",12,3,NA,NA,NA,NA,11,11,"even"
"348","Player 2","Game 11",12,4,NA,NA,NA,NA,11,11,"even"
"349","Player 2","Game 12",3,1,"B","B",11,11,11,11,"even"
"350","Player 2","Game 12",3,2,NA,NA,NA,NA,11,11,"even"
"351","Player 2","Game 12",3,3,NA,NA,NA,NA,11,11,"even"
"352","Player 2","Game 12",3,4,NA,NA,NA,NA,11,11,"even"
"353","Player 2","Game 13",7,1,"A","A",10,10,11,11,"even"
"354","Player 2","Game 13",7,2,"B","A",7,13,11,11,"even"
"355","Player 2","Game 13",7,3,NA,NA,NA,NA,11,11,"even"
"356","Player 2","Game 13",7,4,NA,NA,NA,NA,11,11,"even"
"357","Player 2","Game 14",3,1,"B","B",11,20,11,20,"odd"
"358","Player 2","Game 14",3,2,NA,NA,NA,NA,11,20,"odd"
"359","Player 2","Game 14",3,3,NA,NA,NA,NA,11,20,"odd"
"360","Player 2","Game 14",3,4,NA,NA,NA,NA,11,20,"odd"
"361","Player 2","Game 15",1,1,"B","A",9,13,11,11,"even"
"362","Player 2","Game 15",1,2,NA,NA,NA,NA,11,11,"even"
"363","Player 2","Game 15",1,3,NA,NA,NA,NA,11,11,"even"
"364","Player 2","Game 15",1,4,NA,NA,NA,NA,11,11,"even"
"365","Player 2","Game 16",7,1,"B","A",18,13,20,11,"odd"
"366","Player 2","Game 16",7,2,NA,NA,NA,NA,20,11,"odd"
"367","Player 2","Game 16",7,3,NA,NA,NA,NA,20,11,"odd"
"368","Player 2","Game 16",7,4,NA,NA,NA,NA,20,11,"odd"
"369","Player 2","Game 17",3,1,"B","B",11,20,11,20,"odd"
"370","Player 2","Game 17",3,2,NA,NA,NA,NA,11,20,"odd"
"371","Player 2","Game 17",3,3,NA,NA,NA,NA,11,20,"odd"
"372","Player 2","Game 17",3,4,NA,NA,NA,NA,11,20,"odd"
"373","Player 2","Game 18",3,1,"A","B",13,9,11,11,"even"
"374","Player 2","Game 18",3,2,NA,NA,NA,NA,11,11,"even"
"375","Player 2","Game 18",3,3,NA,NA,NA,NA,11,11,"even"
"376","Player 2","Game 18",3,4,NA,NA,NA,NA,11,11,"even"
"377","Player 2","Game 19",9,1,"B","A",9,13,11,11,"even"
"378","Player 2","Game 19",9,2,NA,NA,NA,NA,11,11,"even"
"379","Player 2","Game 19",9,3,NA,NA,NA,NA,11,11,"even"
"380","Player 2","Game 19",9,4,NA,NA,NA,NA,11,11,"even"
"385","Player 2","Game 20",12,1,"A","A",10,19,11,20,"odd"
"386","Player 2","Game 20",12,2,"A","A",8,17,11,20,"odd"
"387","Player 2","Game 20",12,3,"A","A",5,14,11,20,"odd"
"388","Player 2","Game 20",12,4,"A","A",1,10,11,20,"odd"
"389","Player 2","Game 21",11,1,"B","B",11,20,11,20,"odd"
"390","Player 2","Game 21",11,2,NA,NA,NA,NA,11,20,"odd"
"391","Player 2","Game 21",11,3,NA,NA,NA,NA,11,20,"odd"
"392","Player 2","Game 21",11,4,NA,NA,NA,NA,11,20,"odd"
"421","Player 3","Game 1",8,1,"B","A",9,13,11,11,"even"
"422","Player 3","Game 1",8,2,NA,NA,NA,NA,11,11,"even"
"423","Player 3","Game 1",8,3,NA,NA,NA,NA,11,11,"even"
"424","Player 3","Game 1",8,4,NA,NA,NA,NA,11,11,"even"
"465","Player 3","Game 2",12,1,"B","A",9,13,11,11,"even"
"466","Player 3","Game 2",12,2,NA,NA,NA,NA,11,11,"even"
"467","Player 3","Game 2",12,3,NA,NA,NA,NA,11,11,"even"
"468","Player 3","Game 2",12,4,NA,NA,NA,NA,11,11,"even"
"477","Player 3","Game 3",1,1,"B","A",9,13,11,11,"even"
"478","Player 3","Game 3",1,2,NA,NA,NA,NA,11,11,"even"
"479","Player 3","Game 3",1,3,NA,NA,NA,NA,11,11,"even"
"480","Player 3","Game 3",1,4,NA,NA,NA,NA,11,11,"even"
"481","Player 3","Game 4",12,1,"B","A",18,13,20,11,"odd"
"482","Player 3","Game 4",12,2,NA,NA,NA,NA,20,11,"odd"
"483","Player 3","Game 4",12,3,NA,NA,NA,NA,20,11,"odd"
"484","Player 3","Game 4",12,4,NA,NA,NA,NA,20,11,"odd"
"485","Player 3","Game 5",10,1,"B","A",9,13,11,11,"even"
"486","Player 3","Game 5",10,2,NA,NA,NA,NA,11,11,"even"
"487","Player 3","Game 5",10,3,NA,NA,NA,NA,11,11,"even"
"488","Player 3","Game 5",10,4,NA,NA,NA,NA,11,11,"even"
"489","Player 3","Game 6",1,1,"B","A",9,13,11,11,"even"
"490","Player 3","Game 6",1,2,NA,NA,NA,NA,11,11,"even"
"491","Player 3","Game 6",1,3,NA,NA,NA,NA,11,11,"even"
"492","Player 3","Game 6",1,4,NA,NA,NA,NA,11,11,"even"
"493","Player 3","Game 7",4,1,"B","B",11,11,11,11,"even"
"494","Player 3","Game 7",4,2,NA,NA,NA,NA,11,11,"even"
"495","Player 3","Game 7",4,3,NA,NA,NA,NA,11,11,"even"
"496","Player 3","Game 7",4,4,NA,NA,NA,NA,11,11,"even"
"497","Player 3","Game 8",4,1,"B","B",11,20,11,20,"odd"
"498","Player 3","Game 8",4,2,NA,NA,NA,NA,11,20,"odd"
"499","Player 3","Game 8",4,3,NA,NA,NA,NA,11,20,"odd"
"500","Player 3","Game 8",4,4,NA,NA,NA,NA,11,20,"odd"
"501","Player 3","Game 9",1,1,"B","A",18,13,20,11,"odd"
"502","Player 3","Game 9",1,2,NA,NA,NA,NA,20,11,"odd"
"503","Player 3","Game 9",1,3,NA,NA,NA,NA,20,11,"odd"
"504","Player 3","Game 9",1,4,NA,NA,NA,NA,20,11,"odd"
"425","Player 3","Game 10",5,1,"B","B",11,11,11,11,"even"
"426","Player 3","Game 10",5,2,NA,NA,NA,NA,11,11,"even"
"427","Player 3","Game 10",5,3,NA,NA,NA,NA,11,11,"even"
"428","Player 3","Game 10",5,4,NA,NA,NA,NA,11,11,"even"
"429","Player 3","Game 11",9,1,"B","A",9,13,11,11,"even"
"430","Player 3","Game 11",9,2,NA,NA,NA,NA,11,11,"even"
"431","Player 3","Game 11",9,3,NA,NA,NA,NA,11,11,"even"
"432","Player 3","Game 11",9,4,NA,NA,NA,NA,11,11,"even"
"433","Player 3","Game 12",2,1,"B","B",11,11,11,11,"even"
"434","Player 3","Game 12",2,2,NA,NA,NA,NA,11,11,"even"
"435","Player 3","Game 12",2,3,NA,NA,NA,NA,11,11,"even"
"436","Player 3","Game 12",2,4,NA,NA,NA,NA,11,11,"even"
"437","Player 3","Game 13",11,1,"B","B",11,11,11,11,"even"
"438","Player 3","Game 13",11,2,NA,NA,NA,NA,11,11,"even"
"439","Player 3","Game 13",11,3,NA,NA,NA,NA,11,11,"even"
"440","Player 3","Game 13",11,4,NA,NA,NA,NA,11,11,"even"
"441","Player 3","Game 14",2,1,"B","B",20,11,20,11,"odd"
"442","Player 3","Game 14",2,2,NA,NA,NA,NA,20,11,"odd"
"443","Player 3","Game 14",2,3,NA,NA,NA,NA,20,11,"odd"
"444","Player 3","Game 14",2,4,NA,NA,NA,NA,20,11,"odd"
"445","Player 3","Game 15",8,1,"B","A",18,13,20,11,"odd"
"446","Player 3","Game 15",8,2,NA,NA,NA,NA,20,11,"odd"
"447","Player 3","Game 15",8,3,NA,NA,NA,NA,20,11,"odd"
"448","Player 3","Game 15",8,4,NA,NA,NA,NA,20,11,"odd"
"449","Player 3","Game 16",11,1,"B","B",11,11,11,11,"even"
"450","Player 3","Game 16",11,2,NA,NA,NA,NA,11,11,"even"
"451","Player 3","Game 16",11,3,NA,NA,NA,NA,11,11,"even"
"452","Player 3","Game 16",11,4,NA,NA,NA,NA,11,11,"even"
"453","Player 3","Game 17",2,1,"B","B",20,11,20,11,"odd"
"454","Player 3","Game 17",2,2,NA,NA,NA,NA,20,11,"odd"
"455","Player 3","Game 17",2,3,NA,NA,NA,NA,20,11,"odd"
"456","Player 3","Game 17",2,4,NA,NA,NA,NA,20,11,"odd"
"457","Player 3","Game 18",2,1,"B","A",9,13,11,11,"even"
"458","Player 3","Game 18",2,2,NA,NA,NA,NA,11,11,"even"
"459","Player 3","Game 18",2,3,NA,NA,NA,NA,11,11,"even"
"460","Player 3","Game 18",2,4,NA,NA,NA,NA,11,11,"even"
"461","Player 3","Game 19",5,1,"B","B",20,11,20,11,"odd"
"462","Player 3","Game 19",5,2,NA,NA,NA,NA,20,11,"odd"
"463","Player 3","Game 19",5,3,NA,NA,NA,NA,20,11,"odd"
"464","Player 3","Game 19",5,4,NA,NA,NA,NA,20,11,"odd"
"469","Player 3","Game 20",5,1,"B","B",20,11,20,11,"odd"
"470","Player 3","Game 20",5,2,NA,NA,NA,NA,20,11,"odd"
"471","Player 3","Game 20",5,3,NA,NA,NA,NA,20,11,"odd"
"472","Player 3","Game 20",5,4,NA,NA,NA,NA,20,11,"odd"
"473","Player 3","Game 21",1,1,"B","A",9,13,11,11,"even"
"474","Player 3","Game 21",1,2,NA,NA,NA,NA,11,11,"even"
"475","Player 3","Game 21",1,3,NA,NA,NA,NA,11,11,"even"
"476","Player 3","Game 21",1,4,NA,NA,NA,NA,11,11,"even"
"505","Player 4","Game 1",11,1,"B","B",11,20,11,20,"odd"
"506","Player 4","Game 1",11,2,NA,NA,NA,NA,11,20,"odd"
"507","Player 4","Game 1",11,3,NA,NA,NA,NA,11,20,"odd"
"508","Player 4","Game 1",11,4,NA,NA,NA,NA,11,20,"odd"
"549","Player 4","Game 2",10,1,"A","A",10,19,11,20,"odd"
"550","Player 4","Game 2",10,2,"B","A",7,22,11,20,"odd"
"551","Player 4","Game 2",10,3,NA,NA,NA,NA,11,20,"odd"
"552","Player 4","Game 2",10,4,NA,NA,NA,NA,11,20,"odd"
"561","Player 4","Game 3",8,1,"B","B",20,11,20,11,"odd"
"562","Player 4","Game 3",8,2,NA,NA,NA,NA,20,11,"odd"
"563","Player 4","Game 3",8,3,NA,NA,NA,NA,20,11,"odd"
"564","Player 4","Game 3",8,4,NA,NA,NA,NA,20,11,"odd"
"565","Player 4","Game 4",8,1,"A","A",10,10,11,11,"even"
"566","Player 4","Game 4",8,2,"B","A",7,13,11,11,"even"
"567","Player 4","Game 4",8,3,NA,NA,NA,NA,11,11,"even"
"568","Player 4","Game 4",8,4,NA,NA,NA,NA,11,11,"even"
"569","Player 4","Game 5",6,1,"A","B",13,9,11,11,"even"
"570","Player 4","Game 5",6,2,NA,NA,NA,NA,11,11,"even"
"571","Player 4","Game 5",6,3,NA,NA,NA,NA,11,11,"even"
"572","Player 4","Game 5",6,4,NA,NA,NA,NA,11,11,"even"
"573","Player 4","Game 6",5,1,"A","B",13,9,11,11,"even"
"574","Player 4","Game 6",5,2,NA,NA,NA,NA,11,11,"even"
"575","Player 4","Game 6",5,3,NA,NA,NA,NA,11,11,"even"
"576","Player 4","Game 6",5,4,NA,NA,NA,NA,11,11,"even"
"577","Player 4","Game 7",3,1,"B","B",11,11,11,11,"even"
"578","Player 4","Game 7",3,2,NA,NA,NA,NA,11,11,"even"
"579","Player 4","Game 7",3,3,NA,NA,NA,NA,11,11,"even"
"580","Player 4","Game 7",3,4,NA,NA,NA,NA,11,11,"even"
"581","Player 4","Game 8",3,1,"B","B",20,11,20,11,"odd"
"582","Player 4","Game 8",3,2,NA,NA,NA,NA,20,11,"odd"
"583","Player 4","Game 8",3,3,NA,NA,NA,NA,20,11,"odd"
"584","Player 4","Game 8",3,4,NA,NA,NA,NA,20,11,"odd"
"585","Player 4","Game 9",7,1,"B","A",18,13,20,11,"odd"
"586","Player 4","Game 9",7,2,NA,NA,NA,NA,20,11,"odd"
"587","Player 4","Game 9",7,3,NA,NA,NA,NA,20,11,"odd"
"588","Player 4","Game 9",7,4,NA,NA,NA,NA,20,11,"odd"
"509","Player 4","Game 10",6,1,"B","B",11,11,11,11,"even"
"510","Player 4","Game 10",6,2,NA,NA,NA,NA,11,11,"even"
"511","Player 4","Game 10",6,3,NA,NA,NA,NA,11,11,"even"
"512","Player 4","Game 10",6,4,NA,NA,NA,NA,11,11,"even"
"513","Player 4","Game 11",11,1,"B","B",11,11,11,11,"even"
"514","Player 4","Game 11",11,2,NA,NA,NA,NA,11,11,"even"
"515","Player 4","Game 11",11,3,NA,NA,NA,NA,11,11,"even"
"516","Player 4","Game 11",11,4,NA,NA,NA,NA,11,11,"even"
"517","Player 4","Game 12",5,1,"A","B",13,9,11,11,"even"
"518","Player 4","Game 12",5,2,NA,NA,NA,NA,11,11,"even"
"519","Player 4","Game 12",5,3,NA,NA,NA,NA,11,11,"even"
"520","Player 4","Game 12",5,4,NA,NA,NA,NA,11,11,"even"
"521","Player 4","Game 13",9,1,"A","A",19,19,20,20,NA
"522","Player 4","Game 13",9,2,"A","A",17,17,20,20,NA
"523","Player 4","Game 13",9,3,"A","A",14,14,20,20,NA
"524","Player 4","Game 13",9,4,"A","A",10,10,20,20,NA
"525","Player 4","Game 14",7,1,"A","A",10,10,11,11,"even"
"526","Player 4","Game 14",7,2,"A","A",8,8,11,11,"even"
"527","Player 4","Game 14",7,3,"A","A",5,5,11,11,"even"
"528","Player 4","Game 14",7,4,"A","A",1,1,11,11,"even"
"529","Player 4","Game 15",6,1,"B","B",20,11,20,11,"odd"
"530","Player 4","Game 15",6,2,NA,NA,NA,NA,20,11,"odd"
"531","Player 4","Game 15",6,3,NA,NA,NA,NA,20,11,"odd"
"532","Player 4","Game 15",6,4,NA,NA,NA,NA,20,11,"odd"
"533","Player 4","Game 16",6,1,"B","B",11,11,11,11,"even"
"534","Player 4","Game 16",6,2,NA,NA,NA,NA,11,11,"even"
"535","Player 4","Game 16",6,3,NA,NA,NA,NA,11,11,"even"
"536","Player 4","Game 16",6,4,NA,NA,NA,NA,11,11,"even"
"537","Player 4","Game 17",9,1,"A","A",10,10,11,11,"even"
"538","Player 4","Game 17",9,2,"B","A",7,13,11,11,"even"
"539","Player 4","Game 17",9,3,NA,NA,NA,NA,11,11,"even"
"540","Player 4","Game 17",9,4,NA,NA,NA,NA,11,11,"even"
"541","Player 4","Game 18",9,1,"A","A",10,10,11,11,"even"
"542","Player 4","Game 18",9,2,"A","A",8,8,11,11,"even"
"543","Player 4","Game 18",9,3,"A","A",5,5,11,11,"even"
"544","Player 4","Game 18",9,4,"A","A",1,1,11,11,"even"
"545","Player 4","Game 19",11,1,"A","B",13,18,11,20,"odd"
"546","Player 4","Game 19",11,2,NA,NA,NA,NA,11,20,"odd"
"547","Player 4","Game 19",11,3,NA,NA,NA,NA,11,20,"odd"
"548","Player 4","Game 19",11,4,NA,NA,NA,NA,11,20,"odd"
"553","Player 4","Game 20",7,1,"B","B",11,11,11,11,"even"
"554","Player 4","Game 20",7,2,NA,NA,NA,NA,11,11,"even"
"555","Player 4","Game 20",7,3,NA,NA,NA,NA,11,11,"even"
"556","Player 4","Game 20",7,4,NA,NA,NA,NA,11,11,"even"
"557","Player 4","Game 21",12,1,"B","A",9,13,11,11,"even"
"558","Player 4","Game 21",12,2,NA,NA,NA,NA,11,11,"even"
"559","Player 4","Game 21",12,3,NA,NA,NA,NA,11,11,"even"
"560","Player 4","Game 21",12,4,NA,NA,NA,NA,11,11,"even"
"589","Player 5","Game 1",9,1,"B","A",9,22,11,20,"odd"
"590","Player 5","Game 1",9,2,NA,NA,NA,NA,11,20,"odd"
"591","Player 5","Game 1",9,3,NA,NA,NA,NA,11,20,"odd"
"592","Player 5","Game 1",9,4,NA,NA,NA,NA,11,20,"odd"
"633","Player 5","Game 2",8,1,"A","A",10,10,11,11,"even"
"634","Player 5","Game 2",8,2,"A","A",8,8,11,11,"even"
"635","Player 5","Game 2",8,3,"A","A",5,5,11,11,"even"
"636","Player 5","Game 2",8,4,"A","A",1,1,11,11,"even"
"645","Player 5","Game 3",12,1,"B","A",9,22,11,20,"odd"
"646","Player 5","Game 3",12,2,NA,NA,NA,NA,11,20,"odd"
"647","Player 5","Game 3",12,3,NA,NA,NA,NA,11,20,"odd"
"648","Player 5","Game 3",12,4,NA,NA,NA,NA,11,20,"odd"
"649","Player 5","Game 4",6,1,"A","A",10,10,11,11,"even"
"650","Player 5","Game 4",6,2,"A","A",8,8,11,11,"even"
"651","Player 5","Game 4",6,3,"A","A",5,5,11,11,"even"
"652","Player 5","Game 4",6,4,"A","A",1,1,11,11,"even"
"653","Player 5","Game 5",8,1,"A","A",19,10,20,11,"odd"
"654","Player 5","Game 5",8,2,"A","B",22,7,20,11,"odd"
"655","Player 5","Game 5",8,3,NA,NA,NA,NA,20,11,"odd"
"656","Player 5","Game 5",8,4,NA,NA,NA,NA,20,11,"odd"
"657","Player 5","Game 6",4,1,"B","A",9,13,11,11,"even"
"658","Player 5","Game 6",4,2,NA,NA,NA,NA,11,11,"even"
"659","Player 5","Game 6",4,3,NA,NA,NA,NA,11,11,"even"
"660","Player 5","Game 6",4,4,NA,NA,NA,NA,11,11,"even"
"661","Player 5","Game 7",2,1,"B","B",11,11,11,11,"even"
"662","Player 5","Game 7",2,2,NA,NA,NA,NA,11,11,"even"
"663","Player 5","Game 7",2,3,NA,NA,NA,NA,11,11,"even"
"664","Player 5","Game 7",2,4,NA,NA,NA,NA,11,11,"even"
"665","Player 5","Game 8",6,1,"B","B",20,11,20,11,"odd"
"666","Player 5","Game 8",6,2,NA,NA,NA,NA,20,11,"odd"
"667","Player 5","Game 8",6,3,NA,NA,NA,NA,20,11,"odd"
"668","Player 5","Game 8",6,4,NA,NA,NA,NA,20,11,"odd"
"669","Player 5","Game 9",6,1,"B","B",20,11,20,11,"odd"
"670","Player 5","Game 9",6,2,NA,NA,NA,NA,20,11,"odd"
"671","Player 5","Game 9",6,3,NA,NA,NA,NA,20,11,"odd"
"672","Player 5","Game 9",6,4,NA,NA,NA,NA,20,11,"odd"
"593","Player 5","Game 10",3,1,"B","B",11,11,11,11,"even"
"594","Player 5","Game 10",3,2,NA,NA,NA,NA,11,11,"even"
"595","Player 5","Game 10",3,3,NA,NA,NA,NA,11,11,"even"
"596","Player 5","Game 10",3,4,NA,NA,NA,NA,11,11,"even"
"597","Player 5","Game 11",8,1,"B","A",18,13,20,11,"odd"
"598","Player 5","Game 11",8,2,NA,NA,NA,NA,20,11,"odd"
"599","Player 5","Game 11",8,3,NA,NA,NA,NA,20,11,"odd"
"600","Player 5","Game 11",8,4,NA,NA,NA,NA,20,11,"odd"
"601","Player 5","Game 12",4,1,"B","A",9,13,11,11,"even"
"602","Player 5","Game 12",4,2,NA,NA,NA,NA,11,11,"even"
"603","Player 5","Game 12",4,3,NA,NA,NA,NA,11,11,"even"
"604","Player 5","Game 12",4,4,NA,NA,NA,NA,11,11,"even"
"605","Player 5","Game 13",1,1,"B","A",9,22,11,20,"odd"
"606","Player 5","Game 13",1,2,NA,NA,NA,NA,11,20,"odd"
"607","Player 5","Game 13",1,3,NA,NA,NA,NA,11,20,"odd"
"608","Player 5","Game 13",1,4,NA,NA,NA,NA,11,20,"odd"
"609","Player 5","Game 14",12,1,"B","A",9,22,11,20,"odd"
"610","Player 5","Game 14",12,2,NA,NA,NA,NA,11,20,"odd"
"611","Player 5","Game 14",12,3,NA,NA,NA,NA,11,20,"odd"
"612","Player 5","Game 14",12,4,NA,NA,NA,NA,11,20,"odd"
"613","Player 5","Game 15",12,1,"B","A",9,13,11,11,"even"
"614","Player 5","Game 15",12,2,NA,NA,NA,NA,11,11,"even"
"615","Player 5","Game 15",12,3,NA,NA,NA,NA,11,11,"even"
"616","Player 5","Game 15",12,4,NA,NA,NA,NA,11,11,"even"
"617","Player 5","Game 16",12,1,"B","A",9,13,11,11,"even"
"618","Player 5","Game 16",12,2,NA,NA,NA,NA,11,11,"even"
"619","Player 5","Game 16",12,3,NA,NA,NA,NA,11,11,"even"
"620","Player 5","Game 16",12,4,NA,NA,NA,NA,11,11,"even"
"621","Player 5","Game 17",11,1,"B","B",20,11,20,11,"odd"
"622","Player 5","Game 17",11,2,NA,NA,NA,NA,20,11,"odd"
"623","Player 5","Game 17",11,3,NA,NA,NA,NA,20,11,"odd"
"624","Player 5","Game 17",11,4,NA,NA,NA,NA,20,11,"odd"
"625","Player 5","Game 18",10,1,"B","B",11,11,11,11,"even"
"626","Player 5","Game 18",10,2,NA,NA,NA,NA,11,11,"even"
"627","Player 5","Game 18",10,3,NA,NA,NA,NA,11,11,"even"
"628","Player 5","Game 18",10,4,NA,NA,NA,NA,11,11,"even"
"629","Player 5","Game 19",3,1,"B","B",11,20,11,20,"odd"
"630","Player 5","Game 19",3,2,NA,NA,NA,NA,11,20,"odd"
"631","Player 5","Game 19",3,3,NA,NA,NA,NA,11,20,"odd"
"632","Player 5","Game 19",3,4,NA,NA,NA,NA,11,20,"odd"
"637","Player 5","Game 20",3,1,"B","B",11,20,11,20,"odd"
"638","Player 5","Game 20",3,2,NA,NA,NA,NA,11,20,"odd"
"639","Player 5","Game 20",3,3,NA,NA,NA,NA,11,20,"odd"
"640","Player 5","Game 20",3,4,NA,NA,NA,NA,11,20,"odd"
"641","Player 5","Game 21",9,1,"B","A",9,13,11,11,"even"
"642","Player 5","Game 21",9,2,NA,NA,NA,NA,11,11,"even"
"643","Player 5","Game 21",9,3,NA,NA,NA,NA,11,11,"even"
"644","Player 5","Game 21",9,4,NA,NA,NA,NA,11,11,"even"
"673","Player 6","Game 1",12,1,"A","A",10,19,11,20,"odd"
"674","Player 6","Game 1",12,2,"B","A",7,22,11,20,"odd"
"675","Player 6","Game 1",12,3,NA,NA,NA,NA,11,20,"odd"
"676","Player 6","Game 1",12,4,NA,NA,NA,NA,11,20,"odd"
"717","Player 6","Game 2",7,1,"A","A",19,10,20,11,"odd"
"718","Player 6","Game 2",7,2,"A","A",17,8,20,11,"odd"
"719","Player 6","Game 2",7,3,"A","B",21,4,20,11,"odd"
"720","Player 6","Game 2",7,4,NA,NA,NA,NA,20,11,"odd"
"729","Player 6","Game 3",2,1,"A","B",22,9,20,11,"odd"
"730","Player 6","Game 3",2,2,NA,NA,NA,NA,20,11,"odd"
"731","Player 6","Game 3",2,3,NA,NA,NA,NA,20,11,"odd"
"732","Player 6","Game 3",2,4,NA,NA,NA,NA,20,11,"odd"
"733","Player 6","Game 4",5,1,"A","A",10,10,11,11,"even"
"734","Player 6","Game 4",5,2,"A","A",8,8,11,11,"even"
"735","Player 6","Game 4",5,3,"A","A",5,5,11,11,"even"
"736","Player 6","Game 4",5,4,"A","A",1,1,11,11,"even"
"737","Player 6","Game 5",4,1,"B","A",9,13,11,11,"even"
"738","Player 6","Game 5",4,2,NA,NA,NA,NA,11,11,"even"
"739","Player 6","Game 5",4,3,NA,NA,NA,NA,11,11,"even"
"740","Player 6","Game 5",4,4,NA,NA,NA,NA,11,11,"even"
"741","Player 6","Game 6",2,1,"B","B",11,11,11,11,"even"
"742","Player 6","Game 6",2,2,NA,NA,NA,NA,11,11,"even"
"743","Player 6","Game 6",2,3,NA,NA,NA,NA,11,11,"even"
"744","Player 6","Game 6",2,4,NA,NA,NA,NA,11,11,"even"
"745","Player 6","Game 7",9,1,"B","A",9,13,11,11,"even"
"746","Player 6","Game 7",9,2,NA,NA,NA,NA,11,11,"even"
"747","Player 6","Game 7",9,3,NA,NA,NA,NA,11,11,"even"
"748","Player 6","Game 7",9,4,NA,NA,NA,NA,11,11,"even"
"749","Player 6","Game 8",5,1,"B","B",11,20,11,20,"odd"
"750","Player 6","Game 8",5,2,NA,NA,NA,NA,11,20,"odd"
"751","Player 6","Game 8",5,3,NA,NA,NA,NA,11,20,"odd"
"752","Player 6","Game 8",5,4,NA,NA,NA,NA,11,20,"odd"
"753","Player 6","Game 9",5,1,"B","B",11,20,11,20,"odd"
"754","Player 6","Game 9",5,2,NA,NA,NA,NA,11,20,"odd"
"755","Player 6","Game 9",5,3,NA,NA,NA,NA,11,20,"odd"
"756","Player 6","Game 9",5,4,NA,NA,NA,NA,11,20,"odd"
"677","Player 6","Game 10",4,1,"B","B",11,11,11,11,"even"
"678","Player 6","Game 10",4,2,NA,NA,NA,NA,11,11,"even"
"679","Player 6","Game 10",4,3,NA,NA,NA,NA,11,11,"even"
"680","Player 6","Game 10",4,4,NA,NA,NA,NA,11,11,"even"
"681","Player 6","Game 11",1,1,"B","A",9,13,11,11,"even"
"682","Player 6","Game 11",1,2,NA,NA,NA,NA,11,11,"even"
"683","Player 6","Game 11",1,3,NA,NA,NA,NA,11,11,"even"
"684","Player 6","Game 11",1,4,NA,NA,NA,NA,11,11,"even"
"685","Player 6","Game 12",12,1,"B","A",9,22,11,20,"odd"
"686","Player 6","Game 12",12,2,NA,NA,NA,NA,11,20,"odd"
"687","Player 6","Game 12",12,3,NA,NA,NA,NA,11,20,"odd"
"688","Player 6","Game 12",12,4,NA,NA,NA,NA,11,20,"odd"
"689","Player 6","Game 13",8,1,"B","A",18,13,20,11,"odd"
"690","Player 6","Game 13",8,2,NA,NA,NA,NA,20,11,"odd"
"691","Player 6","Game 13",8,3,NA,NA,NA,NA,20,11,"odd"
"692","Player 6","Game 13",8,4,NA,NA,NA,NA,20,11,"odd"
"693","Player 6","Game 14",9,1,"B","A",9,13,11,11,"even"
"694","Player 6","Game 14",9,2,NA,NA,NA,NA,11,11,"even"
"695","Player 6","Game 14",9,3,NA,NA,NA,NA,11,11,"even"
"696","Player 6","Game 14",9,4,NA,NA,NA,NA,11,11,"even"
"697","Player 6","Game 15",4,1,"B","B",11,20,11,20,"odd"
"698","Player 6","Game 15",4,2,NA,NA,NA,NA,11,20,"odd"
"699","Player 6","Game 15",4,3,NA,NA,NA,NA,11,20,"odd"
"700","Player 6","Game 15",4,4,NA,NA,NA,NA,11,20,"odd"
"701","Player 6","Game 16",4,1,"B","B",11,11,11,11,"even"
"702","Player 6","Game 16",4,2,NA,NA,NA,NA,11,11,"even"
"703","Player 6","Game 16",4,3,NA,NA,NA,NA,11,11,"even"
"704","Player 6","Game 16",4,4,NA,NA,NA,NA,11,11,"even"
"705","Player 6","Game 17",8,1,"B","A",18,13,20,11,"odd"
"706","Player 6","Game 17",8,2,NA,NA,NA,NA,20,11,"odd"
"707","Player 6","Game 17",8,3,NA,NA,NA,NA,20,11,"odd"
"708","Player 6","Game 17",8,4,NA,NA,NA,NA,20,11,"odd"
"709","Player 6","Game 18",11,1,"B","B",11,11,11,11,"even"
"710","Player 6","Game 18",11,2,NA,NA,NA,NA,11,11,"even"
"711","Player 6","Game 18",11,3,NA,NA,NA,NA,11,11,"even"
"712","Player 6","Game 18",11,4,NA,NA,NA,NA,11,11,"even"
"713","Player 6","Game 19",8,1,"B","A",9,13,11,11,"even"
"714","Player 6","Game 19",8,2,NA,NA,NA,NA,11,11,"even"
"715","Player 6","Game 19",8,3,NA,NA,NA,NA,11,11,"even"
"716","Player 6","Game 19",8,4,NA,NA,NA,NA,11,11,"even"
"721","Player 6","Game 20",1,1,"B","A",9,13,11,11,"even"
"722","Player 6","Game 20",1,2,NA,NA,NA,NA,11,11,"even"
"723","Player 6","Game 20",1,3,NA,NA,NA,NA,11,11,"even"
"724","Player 6","Game 20",1,4,NA,NA,NA,NA,11,11,"even"
"725","Player 6","Game 21",10,1,"B","A",18,13,20,11,"odd"
"726","Player 6","Game 21",10,2,NA,NA,NA,NA,20,11,"odd"
"727","Player 6","Game 21",10,3,NA,NA,NA,NA,20,11,"odd"
"728","Player 6","Game 21",10,4,NA,NA,NA,NA,20,11,"odd"
"757","Player 7","Game 1",10,1,"B","A",9,22,11,20,"odd"
"758","Player 7","Game 1",10,2,NA,NA,NA,NA,11,20,"odd"
"759","Player 7","Game 1",10,3,NA,NA,NA,NA,11,20,"odd"
"760","Player 7","Game 1",10,4,NA,NA,NA,NA,11,20,"odd"
"801","Player 7","Game 2",6,1,"A","A",10,19,11,20,"odd"
"802","Player 7","Game 2",6,2,"A","A",8,17,11,20,"odd"
"803","Player 7","Game 2",6,3,"B","A",4,21,11,20,"odd"
"804","Player 7","Game 2",6,4,NA,NA,NA,NA,11,20,"odd"
"813","Player 7","Game 3",9,1,"A","A",10,19,11,20,"odd"
"814","Player 7","Game 3",9,2,"A","A",8,17,11,20,"odd"
"815","Player 7","Game 3",9,3,"A","A",5,14,11,20,"odd"
"816","Player 7","Game 3",9,4,"A","A",1,10,11,20,"odd"
"817","Player 7","Game 4",1,1,"B","A",18,13,20,11,"odd"
"818","Player 7","Game 4",1,2,NA,NA,NA,NA,20,11,"odd"
"819","Player 7","Game 4",1,3,NA,NA,NA,NA,20,11,"odd"
"820","Player 7","Game 4",1,4,NA,NA,NA,NA,20,11,"odd"
"821","Player 7","Game 5",11,1,"B","B",20,11,20,11,"odd"
"822","Player 7","Game 5",11,2,NA,NA,NA,NA,20,11,"odd"
"823","Player 7","Game 5",11,3,NA,NA,NA,NA,20,11,"odd"
"824","Player 7","Game 5",11,4,NA,NA,NA,NA,20,11,"odd"
"825","Player 7","Game 6",9,1,"A","A",10,10,11,11,"even"
"826","Player 7","Game 6",9,2,"A","A",8,8,11,11,"even"
"827","Player 7","Game 6",9,3,"A","A",5,5,11,11,"even"
"828","Player 7","Game 6",9,4,"A","B",10,0,11,11,"even"
"829","Player 7","Game 7",11,1,"A","B",13,9,11,11,"even"
"830","Player 7","Game 7",11,2,NA,NA,NA,NA,11,11,"even"
"831","Player 7","Game 7",11,3,NA,NA,NA,NA,11,11,"even"
"832","Player 7","Game 7",11,4,NA,NA,NA,NA,11,11,"even"
"833","Player 7","Game 8",9,1,"B","B",20,11,20,11,"odd"
"834","Player 7","Game 8",9,2,NA,NA,NA,NA,20,11,"odd"
"835","Player 7","Game 8",9,3,NA,NA,NA,NA,20,11,"odd"
"836","Player 7","Game 8",9,4,NA,NA,NA,NA,20,11,"odd"
"837","Player 7","Game 9",4,1,"A","B",13,18,11,20,"odd"
"838","Player 7","Game 9",4,2,NA,NA,NA,NA,11,20,"odd"
"839","Player 7","Game 9",4,3,NA,NA,NA,NA,11,20,"odd"
"840","Player 7","Game 9",4,4,NA,NA,NA,NA,11,20,"odd"
"761","Player 7","Game 10",9,1,"B","A",18,13,20,11,"odd"
"762","Player 7","Game 10",9,2,NA,NA,NA,NA,20,11,"odd"
"763","Player 7","Game 10",9,3,NA,NA,NA,NA,20,11,"odd"
"764","Player 7","Game 10",9,4,NA,NA,NA,NA,20,11,"odd"
"765","Player 7","Game 11",10,1,"B","B",20,11,20,11,"odd"
"766","Player 7","Game 11",10,2,NA,NA,NA,NA,20,11,"odd"
"767","Player 7","Game 11",10,3,NA,NA,NA,NA,20,11,"odd"
"768","Player 7","Game 11",10,4,NA,NA,NA,NA,20,11,"odd"
"769","Player 7","Game 12",1,1,"B","A",18,13,20,11,"odd"
"770","Player 7","Game 12",1,2,NA,NA,NA,NA,20,11,"odd"
"771","Player 7","Game 12",1,3,NA,NA,NA,NA,20,11,"odd"
"772","Player 7","Game 12",1,4,NA,NA,NA,NA,20,11,"odd"
"773","Player 7","Game 13",2,1,"A","A",10,10,11,11,"even"
"774","Player 7","Game 13",2,2,"A","B",13,7,11,11,"even"
"775","Player 7","Game 13",2,3,NA,NA,NA,NA,11,11,"even"
"776","Player 7","Game 13",2,4,NA,NA,NA,NA,11,11,"even"
"777","Player 7","Game 14",4,1,"A","A",10,10,11,11,"even"
"778","Player 7","Game 14",4,2,"A","A",8,8,11,11,"even"
"779","Player 7","Game 14",4,3,"A","A",5,5,11,11,"even"
"780","Player 7","Game 14",4,4,"A","A",1,1,11,11,"even"
"781","Player 7","Game 15",11,1,"A","B",13,18,11,20,"odd"
"782","Player 7","Game 15",11,2,NA,NA,NA,NA,11,20,"odd"
"783","Player 7","Game 15",11,3,NA,NA,NA,NA,11,20,"odd"
"784","Player 7","Game 15",11,4,NA,NA,NA,NA,11,20,"odd"
"785","Player 7","Game 16",2,1,"A","B",13,18,11,20,"odd"
"786","Player 7","Game 16",2,2,NA,NA,NA,NA,11,20,"odd"
"787","Player 7","Game 16",2,3,NA,NA,NA,NA,11,20,"odd"
"788","Player 7","Game 16",2,4,NA,NA,NA,NA,11,20,"odd"
"789","Player 7","Game 17",1,1,"A","A",10,19,11,20,"odd"
"790","Player 7","Game 17",1,2,"A","A",8,17,11,20,"odd"
"791","Player 7","Game 17",1,3,"A","A",5,14,11,20,"odd"
"792","Player 7","Game 17",1,4,"A","A",1,10,11,20,"odd"
"793","Player 7","Game 18",12,1,"A","B",13,9,11,11,"even"
"794","Player 7","Game 18",12,2,NA,NA,NA,NA,11,11,"even"
"795","Player 7","Game 18",12,3,NA,NA,NA,NA,11,11,"even"
"796","Player 7","Game 18",12,4,NA,NA,NA,NA,11,11,"even"
"797","Player 7","Game 19",10,1,"B","B",11,11,11,11,"even"
"798","Player 7","Game 19",10,2,NA,NA,NA,NA,11,11,"even"
"799","Player 7","Game 19",10,3,NA,NA,NA,NA,11,11,"even"
"800","Player 7","Game 19",10,4,NA,NA,NA,NA,11,11,"even"
"805","Player 7","Game 20",4,1,"B","B",11,11,11,11,"even"
"806","Player 7","Game 20",4,2,NA,NA,NA,NA,11,11,"even"
"807","Player 7","Game 20",4,3,NA,NA,NA,NA,11,11,"even"
"808","Player 7","Game 20",4,4,NA,NA,NA,NA,11,11,"even"
"809","Player 7","Game 21",8,1,"B","A",18,13,20,11,"odd"
"810","Player 7","Game 21",8,2,NA,NA,NA,NA,20,11,"odd"
"811","Player 7","Game 21",8,3,NA,NA,NA,NA,20,11,"odd"
"812","Player 7","Game 21",8,4,NA,NA,NA,NA,20,11,"odd"
"841","Player 8","Game 1",3,1,"A","B",13,9,11,11,"even"
"842","Player 8","Game 1",3,2,NA,NA,NA,NA,11,11,"even"
"843","Player 8","Game 1",3,3,NA,NA,NA,NA,11,11,"even"
"844","Player 8","Game 1",3,4,NA,NA,NA,NA,11,11,"even"
"885","Player 8","Game 2",5,1,"A","A",10,10,11,11,"even"
"886","Player 8","Game 2",5,2,"A","A",8,8,11,11,"even"
"887","Player 8","Game 2",5,3,"A","A",5,5,11,11,"even"
"888","Player 8","Game 2",5,4,"A","A",1,1,11,11,"even"
"897","Player 8","Game 3",4,1,"B","B",11,20,11,20,"odd"
"898","Player 8","Game 3",4,2,NA,NA,NA,NA,11,20,"odd"
"899","Player 8","Game 3",4,3,NA,NA,NA,NA,11,20,"odd"
"900","Player 8","Game 3",4,4,NA,NA,NA,NA,11,20,"odd"
"901","Player 8","Game 4",4,1,"A","A",10,10,11,11,"even"
"902","Player 8","Game 4",4,2,"A","B",13,7,11,11,"even"
"903","Player 8","Game 4",4,3,NA,NA,NA,NA,11,11,"even"
"904","Player 8","Game 4",4,4,NA,NA,NA,NA,11,11,"even"
"905","Player 8","Game 5",5,1,"A","A",10,19,11,20,"odd"
"906","Player 8","Game 5",5,2,"B","A",7,22,11,20,"odd"
"907","Player 8","Game 5",5,3,NA,NA,NA,NA,11,20,"odd"
"908","Player 8","Game 5",5,4,NA,NA,NA,NA,11,20,"odd"
"909","Player 8","Game 6",10,1,"B","A",18,13,20,11,"odd"
"910","Player 8","Game 6",10,2,NA,NA,NA,NA,20,11,"odd"
"911","Player 8","Game 6",10,3,NA,NA,NA,NA,20,11,"odd"
"912","Player 8","Game 6",10,4,NA,NA,NA,NA,20,11,"odd"
"913","Player 8","Game 7",10,1,"A","A",10,10,11,11,"even"
"914","Player 8","Game 7",10,2,"B","A",7,13,11,11,"even"
"915","Player 8","Game 7",10,3,NA,NA,NA,NA,11,11,"even"
"916","Player 8","Game 7",10,4,NA,NA,NA,NA,11,11,"even"
"917","Player 8","Game 8",2,1,"B","B",11,11,11,11,"even"
"918","Player 8","Game 8",2,2,NA,NA,NA,NA,11,11,"even"
"919","Player 8","Game 8",2,3,NA,NA,NA,NA,11,11,"even"
"920","Player 8","Game 8",2,4,NA,NA,NA,NA,11,11,"even"
"921","Player 8","Game 9",9,1,"A","A",10,10,11,11,"even"
"922","Player 8","Game 9",9,2,"B","A",7,13,11,11,"even"
"923","Player 8","Game 9",9,3,NA,NA,NA,NA,11,11,"even"
"924","Player 8","Game 9",9,4,NA,NA,NA,NA,11,11,"even"
"845","Player 8","Game 10",1,1,"B","A",9,13,11,11,"even"
"846","Player 8","Game 10",1,2,NA,NA,NA,NA,11,11,"even"
"847","Player 8","Game 10",1,3,NA,NA,NA,NA,11,11,"even"
"848","Player 8","Game 10",1,4,NA,NA,NA,NA,11,11,"even"
"849","Player 8","Game 11",5,1,"A","B",13,18,11,20,"odd"
"850","Player 8","Game 11",5,2,NA,NA,NA,NA,11,20,"odd"
"851","Player 8","Game 11",5,3,NA,NA,NA,NA,11,20,"odd"
"852","Player 8","Game 11",5,4,NA,NA,NA,NA,11,20,"odd"
"853","Player 8","Game 12",9,1,"B","A",9,13,11,11,"even"
"854","Player 8","Game 12",9,2,NA,NA,NA,NA,11,11,"even"
"855","Player 8","Game 12",9,3,NA,NA,NA,NA,11,11,"even"
"856","Player 8","Game 12",9,4,NA,NA,NA,NA,11,11,"even"
"857","Player 8","Game 13",6,1,"A","B",13,18,11,20,"odd"
"858","Player 8","Game 13",6,2,NA,NA,NA,NA,11,20,"odd"
"859","Player 8","Game 13",6,3,NA,NA,NA,NA,11,20,"odd"
"860","Player 8","Game 13",6,4,NA,NA,NA,NA,11,20,"odd"
"861","Player 8","Game 14",10,1,"A","A",10,10,11,11,"even"
"862","Player 8","Game 14",10,2,"A","A",8,8,11,11,"even"
"863","Player 8","Game 14",10,3,"B","A",4,12,11,11,"even"
"864","Player 8","Game 14",10,4,NA,NA,NA,NA,11,11,"even"
"865","Player 8","Game 15",3,1,"A","B",13,18,11,20,"odd"
"866","Player 8","Game 15",3,2,NA,NA,NA,NA,11,20,"odd"
"867","Player 8","Game 15",3,3,NA,NA,NA,NA,11,20,"odd"
"868","Player 8","Game 15",3,4,NA,NA,NA,NA,11,20,"odd"
"869","Player 8","Game 16",9,1,"B","A",9,13,11,11,"even"
"870","Player 8","Game 16",9,2,NA,NA,NA,NA,11,11,"even"
"871","Player 8","Game 16",9,3,NA,NA,NA,NA,11,11,"even"
"872","Player 8","Game 16",9,4,NA,NA,NA,NA,11,11,"even"
"873","Player 8","Game 17",6,1,"A","B",13,18,11,20,"odd"
"874","Player 8","Game 17",6,2,NA,NA,NA,NA,11,20,"odd"
"875","Player 8","Game 17",6,3,NA,NA,NA,NA,11,20,"odd"
"876","Player 8","Game 17",6,4,NA,NA,NA,NA,11,20,"odd"
"877","Player 8","Game 18",1,1,"B","A",9,13,11,11,"even"
"878","Player 8","Game 18",1,2,NA,NA,NA,NA,11,11,"even"
"879","Player 8","Game 18",1,3,NA,NA,NA,NA,11,11,"even"
"880","Player 8","Game 18",1,4,NA,NA,NA,NA,11,11,"even"
"881","Player 8","Game 19",6,1,"A","B",13,9,11,11,"even"
"882","Player 8","Game 19",6,2,NA,NA,NA,NA,11,11,"even"
"883","Player 8","Game 19",6,3,NA,NA,NA,NA,11,11,"even"
"884","Player 8","Game 19",6,4,NA,NA,NA,NA,11,11,"even"
"889","Player 8","Game 20",10,1,"A","B",13,9,11,11,"even"
"890","Player 8","Game 20",10,2,NA,NA,NA,NA,11,11,"even"
"891","Player 8","Game 20",10,3,NA,NA,NA,NA,11,11,"even"
"892","Player 8","Game 20",10,4,NA,NA,NA,NA,11,11,"even"
"893","Player 8","Game 21",7,1,"A","B",13,18,11,20,"odd"
"894","Player 8","Game 21",7,2,NA,NA,NA,NA,11,20,"odd"
"895","Player 8","Game 21",7,3,NA,NA,NA,NA,11,20,"odd"
"896","Player 8","Game 21",7,4,NA,NA,NA,NA,11,20,"odd"
"925","Player 9","Game 1",5,1,"A","B",22,9,20,11,"odd"
"926","Player 9","Game 1",5,2,NA,NA,NA,NA,20,11,"odd"
"927","Player 9","Game 1",5,3,NA,NA,NA,NA,20,11,"odd"
"928","Player 9","Game 1",5,4,NA,NA,NA,NA,20,11,"odd"
"969","Player 9","Game 2",11,1,"A","B",22,18,20,20,NA
"970","Player 9","Game 2",11,2,NA,NA,NA,NA,20,20,NA
"971","Player 9","Game 2",11,3,NA,NA,NA,NA,20,20,NA
"972","Player 9","Game 2",11,4,NA,NA,NA,NA,20,20,NA
"981","Player 9","Game 3",7,1,"A","A",19,10,20,11,"odd"
"982","Player 9","Game 3",7,2,"A","A",17,8,20,11,"odd"
"983","Player 9","Game 3",7,3,"A","A",14,5,20,11,"odd"
"984","Player 9","Game 3",7,4,"A","A",10,1,20,11,"odd"
"985","Player 9","Game 4",11,1,"A","B",13,9,11,11,"even"
"986","Player 9","Game 4",11,2,NA,NA,NA,NA,11,11,"even"
"987","Player 9","Game 4",11,3,NA,NA,NA,NA,11,11,"even"
"988","Player 9","Game 4",11,4,NA,NA,NA,NA,11,11,"even"
"989","Player 9","Game 5",12,1,"A","A",10,10,11,11,"even"
"990","Player 9","Game 5",12,2,"B","A",7,13,11,11,"even"
"991","Player 9","Game 5",12,3,NA,NA,NA,NA,11,11,"even"
"992","Player 9","Game 5",12,4,NA,NA,NA,NA,11,11,"even"
"993","Player 9","Game 6",7,1,"A","A",10,10,11,11,"even"
"994","Player 9","Game 6",7,2,"A","A",8,8,11,11,"even"
"995","Player 9","Game 6",7,3,"A","A",5,5,11,11,"even"
"996","Player 9","Game 6",7,4,"B","A",0,10,11,11,"even"
"997","Player 9","Game 7",6,1,"A","B",13,9,11,11,"even"
"998","Player 9","Game 7",6,2,NA,NA,NA,NA,11,11,"even"
"999","Player 9","Game 7",6,3,NA,NA,NA,NA,11,11,"even"
"1000","Player 9","Game 7",6,4,NA,NA,NA,NA,11,11,"even"
"1001","Player 9","Game 8",7,1,"A","B",13,18,11,20,"odd"
"1002","Player 9","Game 8",7,2,NA,NA,NA,NA,11,20,"odd"
"1003","Player 9","Game 8",7,3,NA,NA,NA,NA,11,20,"odd"
"1004","Player 9","Game 8",7,4,NA,NA,NA,NA,11,20,"odd"
"1005","Player 9","Game 9",8,1,"A","A",10,10,11,11,"even"
"1006","Player 9","Game 9",8,2,"A","B",13,7,11,11,"even"
"1007","Player 9","Game 9",8,3,NA,NA,NA,NA,11,11,"even"
"1008","Player 9","Game 9",8,4,NA,NA,NA,NA,11,11,"even"
"929","Player 9","Game 10",7,1,"A","B",13,18,11,20,"odd"
"930","Player 9","Game 10",7,2,NA,NA,NA,NA,11,20,"odd"
"931","Player 9","Game 10",7,3,NA,NA,NA,NA,11,20,"odd"
"932","Player 9","Game 10",7,4,NA,NA,NA,NA,11,20,"odd"
"933","Player 9","Game 11",3,1,"A","B",13,9,11,11,"even"
"934","Player 9","Game 11",3,2,NA,NA,NA,NA,11,11,"even"
"935","Player 9","Game 11",3,3,NA,NA,NA,NA,11,11,"even"
"936","Player 9","Game 11",3,4,NA,NA,NA,NA,11,11,"even"
"937","Player 9","Game 12",8,1,"A","B",13,9,11,11,"even"
"938","Player 9","Game 12",8,2,NA,NA,NA,NA,11,11,"even"
"939","Player 9","Game 12",8,3,NA,NA,NA,NA,11,11,"even"
"940","Player 9","Game 12",8,4,NA,NA,NA,NA,11,11,"even"
"941","Player 9","Game 13",4,1,"A","A",19,19,20,20,NA
"942","Player 9","Game 13",4,2,"A","A",17,17,20,20,NA
"943","Player 9","Game 13",4,3,"A","A",14,14,20,20,NA
"944","Player 9","Game 13",4,4,"A","A",10,10,20,20,NA
"945","Player 9","Game 14",6,1,"A","B",13,9,11,11,"even"
"946","Player 9","Game 14",6,2,NA,NA,NA,NA,11,11,"even"
"947","Player 9","Game 14",6,3,NA,NA,NA,NA,11,11,"even"
"948","Player 9","Game 14",6,4,NA,NA,NA,NA,11,11,"even"
"949","Player 9","Game 15",10,1,"A","B",13,18,11,20,"odd"
"950","Player 9","Game 15",10,2,NA,NA,NA,NA,11,20,"odd"
"951","Player 9","Game 15",10,3,NA,NA,NA,NA,11,20,"odd"
"952","Player 9","Game 15",10,4,NA,NA,NA,NA,11,20,"odd"
"953","Player 9","Game 16",8,1,"A","B",13,9,11,11,"even"
"954","Player 9","Game 16",8,2,NA,NA,NA,NA,11,11,"even"
"955","Player 9","Game 16",8,3,NA,NA,NA,NA,11,11,"even"
"956","Player 9","Game 16",8,4,NA,NA,NA,NA,11,11,"even"
"957","Player 9","Game 17",4,1,"A","A",10,10,11,11,"even"
"958","Player 9","Game 17",4,2,"A","B",13,7,11,11,"even"
"959","Player 9","Game 17",4,3,NA,NA,NA,NA,11,11,"even"
"960","Player 9","Game 17",4,4,NA,NA,NA,NA,11,11,"even"
"961","Player 9","Game 18",4,1,"A","A",10,10,11,11,"even"
"962","Player 9","Game 18",4,2,"A","A",8,8,11,11,"even"
"963","Player 9","Game 18",4,3,"A","A",5,5,11,11,"even"
"964","Player 9","Game 18",4,4,"A","A",1,1,11,11,"even"
"965","Player 9","Game 19",2,1,"A","B",13,9,11,11,"even"
"966","Player 9","Game 19",2,2,NA,NA,NA,NA,11,11,"even"
"967","Player 9","Game 19",2,3,NA,NA,NA,NA,11,11,"even"
"968","Player 9","Game 19",2,4,NA,NA,NA,NA,11,11,"even"
"973","Player 9","Game 20",11,1,"A","B",13,9,11,11,"even"
"974","Player 9","Game 20",11,2,NA,NA,NA,NA,11,11,"even"
"975","Player 9","Game 20",11,3,NA,NA,NA,NA,11,11,"even"
"976","Player 9","Game 20",11,4,NA,NA,NA,NA,11,11,"even"
"977","Player 9","Game 21",5,1,"A","B",13,9,11,11,"even"
"978","Player 9","Game 21",5,2,NA,NA,NA,NA,11,11,"even"
"979","Player 9","Game 21",5,3,NA,NA,NA,NA,11,11,"even"
"980","Player 9","Game 21",5,4,NA,NA,NA,NA,11,11,"even"
"85","Player 10","Game 1",7,1,"A","B",22,9,20,11,"odd"
"86","Player 10","Game 1",7,2,NA,NA,NA,NA,20,11,"odd"
"87","Player 10","Game 1",7,3,NA,NA,NA,NA,20,11,"odd"
"88","Player 10","Game 1",7,4,NA,NA,NA,NA,20,11,"odd"
"129","Player 10","Game 2",4,1,"A","A",19,10,20,11,"odd"
"130","Player 10","Game 2",4,2,"A","B",22,7,20,11,"odd"
"131","Player 10","Game 2",4,3,NA,NA,NA,NA,20,11,"odd"
"132","Player 10","Game 2",4,4,NA,NA,NA,NA,20,11,"odd"
"141","Player 10","Game 3",11,1,"A","B",22,9,20,11,"odd"
"142","Player 10","Game 3",11,2,NA,NA,NA,NA,20,11,"odd"
"143","Player 10","Game 3",11,3,NA,NA,NA,NA,20,11,"odd"
"144","Player 10","Game 3",11,4,NA,NA,NA,NA,20,11,"odd"
"145","Player 10","Game 4",2,1,"A","A",10,10,11,11,"even"
"146","Player 10","Game 4",2,2,"A","B",13,7,11,11,"even"
"147","Player 10","Game 4",2,3,NA,NA,NA,NA,11,11,"even"
"148","Player 10","Game 4",2,4,NA,NA,NA,NA,11,11,"even"
"149","Player 10","Game 5",3,1,"A","B",13,9,11,11,"even"
"150","Player 10","Game 5",3,2,NA,NA,NA,NA,11,11,"even"
"151","Player 10","Game 5",3,3,NA,NA,NA,NA,11,11,"even"
"152","Player 10","Game 5",3,4,NA,NA,NA,NA,11,11,"even"
"153","Player 10","Game 6",8,1,"A","B",13,18,11,20,"odd"
"154","Player 10","Game 6",8,2,NA,NA,NA,NA,11,20,"odd"
"155","Player 10","Game 6",8,3,NA,NA,NA,NA,11,20,"odd"
"156","Player 10","Game 6",8,4,NA,NA,NA,NA,11,20,"odd"
"157","Player 10","Game 7",8,1,"A","A",10,10,11,11,"even"
"158","Player 10","Game 7",8,2,"A","B",13,7,11,11,"even"
"159","Player 10","Game 7",8,3,NA,NA,NA,NA,11,11,"even"
"160","Player 10","Game 7",8,4,NA,NA,NA,NA,11,11,"even"
"161","Player 10","Game 8",12,1,"A","A",10,10,11,11,"even"
"162","Player 10","Game 8",12,2,"A","A",8,8,11,11,"even"
"163","Player 10","Game 8",12,3,"A","A",5,5,11,11,"even"
"164","Player 10","Game 8",12,4,"A","A",1,1,11,11,"even"
"165","Player 10","Game 9",12,1,"A","A",10,10,11,11,"even"
"166","Player 10","Game 9",12,2,"B","B",9,9,11,11,"even"
"167","Player 10","Game 9",12,3,NA,NA,NA,NA,11,11,"even"
"168","Player 10","Game 9",12,4,NA,NA,NA,NA,11,11,"even"
"89","Player 10","Game 10",12,1,"A","A",10,19,11,20,"odd"
"90","Player 10","Game 10",12,2,"A","A",8,17,11,20,"odd"
"91","Player 10","Game 10",12,3,"B","B",6,15,11,20,"odd"
"92","Player 10","Game 10",12,4,NA,NA,NA,NA,11,20,"odd"
"93","Player 10","Game 11",7,1,"B","B",11,20,11,20,"odd"
"94","Player 10","Game 11",7,2,NA,NA,NA,NA,11,20,"odd"
"95","Player 10","Game 11",7,3,NA,NA,NA,NA,11,20,"odd"
"96","Player 10","Game 11",7,4,NA,NA,NA,NA,11,20,"odd"
"97","Player 10","Game 12",11,1,"A","B",13,18,11,20,"odd"
"98","Player 10","Game 12",11,2,NA,NA,NA,NA,11,20,"odd"
"99","Player 10","Game 12",11,3,NA,NA,NA,NA,11,20,"odd"
"100","Player 10","Game 12",11,4,NA,NA,NA,NA,11,20,"odd"
"101","Player 10","Game 13",12,1,"B","A",18,13,20,11,"odd"
"102","Player 10","Game 13",12,2,NA,NA,NA,NA,20,11,"odd"
"103","Player 10","Game 13",12,3,NA,NA,NA,NA,20,11,"odd"
"104","Player 10","Game 13",12,4,NA,NA,NA,NA,20,11,"odd"
"105","Player 10","Game 14",8,1,"A","A",10,10,11,11,"even"
"106","Player 10","Game 14",8,2,"A","A",8,8,11,11,"even"
"107","Player 10","Game 14",8,3,"A","B",12,4,11,11,"even"
"108","Player 10","Game 14",8,4,NA,NA,NA,NA,11,11,"even"
"109","Player 10","Game 15",9,1,"B","A",18,13,20,11,"odd"
"110","Player 10","Game 15",9,2,NA,NA,NA,NA,20,11,"odd"
"111","Player 10","Game 15",9,3,NA,NA,NA,NA,20,11,"odd"
"112","Player 10","Game 15",9,4,NA,NA,NA,NA,20,11,"odd"
"113","Player 10","Game 16",1,1,"A","A",10,10,11,11,"even"
"114","Player 10","Game 16",1,2,"A","A",8,8,11,11,"even"
"115","Player 10","Game 16",1,3,"A","A",5,5,11,11,"even"
"116","Player 10","Game 16",1,4,"A","A",1,1,11,11,"even"
"117","Player 10","Game 17",12,1,"A","A",10,19,11,20,"odd"
"118","Player 10","Game 17",12,2,"B","A",7,22,11,20,"odd"
"119","Player 10","Game 17",12,3,NA,NA,NA,NA,11,20,"odd"
"120","Player 10","Game 17",12,4,NA,NA,NA,NA,11,20,"odd"
"121","Player 10","Game 18",5,1,"B","B",11,11,11,11,"even"
"122","Player 10","Game 18",5,2,NA,NA,NA,NA,11,11,"even"
"123","Player 10","Game 18",5,3,NA,NA,NA,NA,11,11,"even"
"124","Player 10","Game 18",5,4,NA,NA,NA,NA,11,11,"even"
"125","Player 10","Game 19",7,1,"B","B",11,11,11,11,"even"
"126","Player 10","Game 19",7,2,NA,NA,NA,NA,11,11,"even"
"127","Player 10","Game 19",7,3,NA,NA,NA,NA,11,11,"even"
"128","Player 10","Game 19",7,4,NA,NA,NA,NA,11,11,"even"
"133","Player 10","Game 20",8,1,"B","A",9,13,11,11,"even"
"134","Player 10","Game 20",8,2,NA,NA,NA,NA,11,11,"even"
"135","Player 10","Game 20",8,3,NA,NA,NA,NA,11,11,"even"
"136","Player 10","Game 20",8,4,NA,NA,NA,NA,11,11,"even"
"137","Player 10","Game 21",6,1,"A","B",13,18,11,20,"odd"
"138","Player 10","Game 21",6,2,NA,NA,NA,NA,11,20,"odd"
"139","Player 10","Game 21",6,3,NA,NA,NA,NA,11,20,"odd"
"140","Player 10","Game 21",6,4,NA,NA,NA,NA,11,20,"odd"
"169","Player 11","Game 1",4,1,"B","B",20,11,20,11,"odd"
"170","Player 11","Game 1",4,2,NA,NA,NA,NA,20,11,"odd"
"171","Player 11","Game 1",4,3,NA,NA,NA,NA,20,11,"odd"
"172","Player 11","Game 1",4,4,NA,NA,NA,NA,20,11,"odd"
"213","Player 11","Game 2",9,1,"B","A",18,22,20,20,NA
"214","Player 11","Game 2",9,2,NA,NA,NA,NA,20,20,NA
"215","Player 11","Game 2",9,3,NA,NA,NA,NA,20,20,NA
"216","Player 11","Game 2",9,4,NA,NA,NA,NA,20,20,NA
"225","Player 11","Game 3",10,1,"B","A",9,22,11,20,"odd"
"226","Player 11","Game 3",10,2,NA,NA,NA,NA,11,20,"odd"
"227","Player 11","Game 3",10,3,NA,NA,NA,NA,11,20,"odd"
"228","Player 11","Game 3",10,4,NA,NA,NA,NA,11,20,"odd"
"229","Player 11","Game 4",9,1,"B","A",9,13,11,11,"even"
"230","Player 11","Game 4",9,2,NA,NA,NA,NA,11,11,"even"
"231","Player 11","Game 4",9,3,NA,NA,NA,NA,11,11,"even"
"232","Player 11","Game 4",9,4,NA,NA,NA,NA,11,11,"even"
"233","Player 11","Game 5",7,1,"B","B",11,20,11,20,"odd"
"234","Player 11","Game 5",7,2,NA,NA,NA,NA,11,20,"odd"
"235","Player 11","Game 5",7,3,NA,NA,NA,NA,11,20,"odd"
"236","Player 11","Game 5",7,4,NA,NA,NA,NA,11,20,"odd"
"237","Player 11","Game 6",12,1,"B","A",9,22,11,20,"odd"
"238","Player 11","Game 6",12,2,NA,NA,NA,NA,11,20,"odd"
"239","Player 11","Game 6",12,3,NA,NA,NA,NA,11,20,"odd"
"240","Player 11","Game 6",12,4,NA,NA,NA,NA,11,20,"odd"
"241","Player 11","Game 7",7,1,"B","A",9,13,11,11,"even"
"242","Player 11","Game 7",7,2,NA,NA,NA,NA,11,11,"even"
"243","Player 11","Game 7",7,3,NA,NA,NA,NA,11,11,"even"
"244","Player 11","Game 7",7,4,NA,NA,NA,NA,11,11,"even"
"245","Player 11","Game 8",1,1,"B","A",9,13,11,11,"even"
"246","Player 11","Game 8",1,2,NA,NA,NA,NA,11,11,"even"
"247","Player 11","Game 8",1,3,NA,NA,NA,NA,11,11,"even"
"248","Player 11","Game 8",1,4,NA,NA,NA,NA,11,11,"even"
"249","Player 11","Game 9",2,1,"B","B",11,11,11,11,"even"
"250","Player 11","Game 9",2,2,NA,NA,NA,NA,11,11,"even"
"251","Player 11","Game 9",2,3,NA,NA,NA,NA,11,11,"even"
"252","Player 11","Game 9",2,4,NA,NA,NA,NA,11,11,"even"
"173","Player 11","Game 10",2,1,"B","B",20,11,20,11,"odd"
"174","Player 11","Game 10",2,2,NA,NA,NA,NA,20,11,"odd"
"175","Player 11","Game 10",2,3,NA,NA,NA,NA,20,11,"odd"
"176","Player 11","Game 10",2,4,NA,NA,NA,NA,20,11,"odd"
"177","Player 11","Game 11",4,1,"B","B",11,11,11,11,"even"
"178","Player 11","Game 11",4,2,NA,NA,NA,NA,11,11,"even"
"179","Player 11","Game 11",4,3,NA,NA,NA,NA,11,11,"even"
"180","Player 11","Game 11",4,4,NA,NA,NA,NA,11,11,"even"
"181","Player 11","Game 12",10,1,"B","A",18,13,20,11,"odd"
"182","Player 11","Game 12",10,2,NA,NA,NA,NA,20,11,"odd"
"183","Player 11","Game 12",10,3,NA,NA,NA,NA,20,11,"odd"
"184","Player 11","Game 12",10,4,NA,NA,NA,NA,20,11,"odd"
"185","Player 11","Game 13",3,1,"B","B",11,11,11,11,"even"
"186","Player 11","Game 13",3,2,NA,NA,NA,NA,11,11,"even"
"187","Player 11","Game 13",3,3,NA,NA,NA,NA,11,11,"even"
"188","Player 11","Game 13",3,4,NA,NA,NA,NA,11,11,"even"
"189","Player 11","Game 14",1,1,"B","A",9,13,11,11,"even"
"190","Player 11","Game 14",1,2,NA,NA,NA,NA,11,11,"even"
"191","Player 11","Game 14",1,3,NA,NA,NA,NA,11,11,"even"
"192","Player 11","Game 14",1,4,NA,NA,NA,NA,11,11,"even"
"193","Player 11","Game 15",7,1,"B","A",18,13,20,11,"odd"
"194","Player 11","Game 15",7,2,NA,NA,NA,NA,20,11,"odd"
"195","Player 11","Game 15",7,3,NA,NA,NA,NA,20,11,"odd"
"196","Player 11","Game 15",7,4,NA,NA,NA,NA,20,11,"odd"
"197","Player 11","Game 16",3,1,"B","B",11,11,11,11,"even"
"198","Player 11","Game 16",3,2,NA,NA,NA,NA,11,11,"even"
"199","Player 11","Game 16",3,3,NA,NA,NA,NA,11,11,"even"
"200","Player 11","Game 16",3,4,NA,NA,NA,NA,11,11,"even"
"201","Player 11","Game 17",5,1,"B","B",11,20,11,20,"odd"
"202","Player 11","Game 17",5,2,NA,NA,NA,NA,11,20,"odd"
"203","Player 11","Game 17",5,3,NA,NA,NA,NA,11,20,"odd"
"204","Player 11","Game 17",5,4,NA,NA,NA,NA,11,20,"odd"
"205","Player 11","Game 18",6,1,"B","B",11,11,11,11,"even"
"206","Player 11","Game 18",6,2,NA,NA,NA,NA,11,11,"even"
"207","Player 11","Game 18",6,3,NA,NA,NA,NA,11,11,"even"
"208","Player 11","Game 18",6,4,NA,NA,NA,NA,11,11,"even"
"209","Player 11","Game 19",4,1,"B","A",18,13,20,11,"odd"
"210","Player 11","Game 19",4,2,NA,NA,NA,NA,20,11,"odd"
"211","Player 11","Game 19",4,3,NA,NA,NA,NA,20,11,"odd"
"212","Player 11","Game 19",4,4,NA,NA,NA,NA,20,11,"odd"
"217","Player 11","Game 20",9,1,"B","A",9,13,11,11,"even"
"218","Player 11","Game 20",9,2,NA,NA,NA,NA,11,11,"even"
"219","Player 11","Game 20",9,3,NA,NA,NA,NA,11,11,"even"
"220","Player 11","Game 20",9,4,NA,NA,NA,NA,11,11,"even"
"221","Player 11","Game 21",2,1,"B","B",20,11,20,11,"odd"
"222","Player 11","Game 21",2,2,NA,NA,NA,NA,20,11,"odd"
"223","Player 11","Game 21",2,3,NA,NA,NA,NA,20,11,"odd"
"224","Player 11","Game 21",2,4,NA,NA,NA,NA,20,11,"odd"
"253","Player 12","Game 1",6,1,"A","A",19,10,20,11,"odd"
"254","Player 12","Game 1",6,2,"A","B",22,7,20,11,"odd"
"255","Player 12","Game 1",6,3,NA,NA,NA,NA,20,11,"odd"
"256","Player 12","Game 1",6,4,NA,NA,NA,NA,20,11,"odd"
"297","Player 12","Game 2",3,1,"A","B",13,9,11,11,"even"
"298","Player 12","Game 2",3,2,NA,NA,NA,NA,11,11,"even"
"299","Player 12","Game 2",3,3,NA,NA,NA,NA,11,11,"even"
"300","Player 12","Game 2",3,4,NA,NA,NA,NA,11,11,"even"
"309","Player 12","Game 3",5,1,"A","B",22,9,20,11,"odd"
"310","Player 12","Game 3",5,2,NA,NA,NA,NA,20,11,"odd"
"311","Player 12","Game 3",5,3,NA,NA,NA,NA,20,11,"odd"
"312","Player 12","Game 3",5,4,NA,NA,NA,NA,20,11,"odd"
"313","Player 12","Game 4",3,1,"A","B",13,18,11,20,"odd"
"314","Player 12","Game 4",3,2,NA,NA,NA,NA,11,20,"odd"
"315","Player 12","Game 4",3,3,NA,NA,NA,NA,11,20,"odd"
"316","Player 12","Game 4",3,4,NA,NA,NA,NA,11,20,"odd"
"317","Player 12","Game 5",9,1,"A","A",10,10,11,11,"even"
"318","Player 12","Game 5",9,2,"A","B",13,7,11,11,"even"
"319","Player 12","Game 5",9,3,NA,NA,NA,NA,11,11,"even"
"320","Player 12","Game 5",9,4,NA,NA,NA,NA,11,11,"even"
"321","Player 12","Game 6",11,1,"A","B",22,9,20,11,"odd"
"322","Player 12","Game 6",11,2,NA,NA,NA,NA,20,11,"odd"
"323","Player 12","Game 6",11,3,NA,NA,NA,NA,20,11,"odd"
"324","Player 12","Game 6",11,4,NA,NA,NA,NA,20,11,"odd"
"325","Player 12","Game 7",1,1,"A","A",10,19,11,20,"odd"
"326","Player 12","Game 7",1,2,"A","A",8,17,11,20,"odd"
"327","Player 12","Game 7",1,3,"A","A",5,14,11,20,"odd"
"328","Player 12","Game 7",1,4,"B","A",0,19,11,20,"odd"
"329","Player 12","Game 8",10,1,"A","A",10,10,11,11,"even"
"330","Player 12","Game 8",10,2,"A","A",8,8,11,11,"even"
"331","Player 12","Game 8",10,3,"A","A",5,5,11,11,"even"
"332","Player 12","Game 8",10,4,"A","A",1,1,11,11,"even"
"333","Player 12","Game 9",10,1,"A","A",10,10,11,11,"even"
"334","Player 12","Game 9",10,2,"B","B",9,9,11,11,"even"
"335","Player 12","Game 9",10,3,NA,NA,NA,NA,11,11,"even"
"336","Player 12","Game 9",10,4,NA,NA,NA,NA,11,11,"even"
"257","Player 12","Game 10",10,1,"A","A",19,10,20,11,"odd"
"258","Player 12","Game 10",10,2,"A","A",17,8,20,11,"odd"
"259","Player 12","Game 10",10,3,"B","B",15,6,20,11,"odd"
"260","Player 12","Game 10",10,4,NA,NA,NA,NA,20,11,"odd"
"261","Player 12","Game 11",2,1,"B","A",9,13,11,11,"even"
"262","Player 12","Game 11",2,2,NA,NA,NA,NA,11,11,"even"
"263","Player 12","Game 11",2,3,NA,NA,NA,NA,11,11,"even"
"264","Player 12","Game 11",2,4,NA,NA,NA,NA,11,11,"even"
"265","Player 12","Game 12",6,1,"A","B",22,9,20,11,"odd"
"266","Player 12","Game 12",6,2,NA,NA,NA,NA,20,11,"odd"
"267","Player 12","Game 12",6,3,NA,NA,NA,NA,20,11,"odd"
"268","Player 12","Game 12",6,4,NA,NA,NA,NA,20,11,"odd"
"269","Player 12","Game 13",10,1,"A","B",13,18,11,20,"odd"
"270","Player 12","Game 13",10,2,NA,NA,NA,NA,11,20,"odd"
"271","Player 12","Game 13",10,3,NA,NA,NA,NA,11,20,"odd"
"272","Player 12","Game 13",10,4,NA,NA,NA,NA,11,20,"odd"
"273","Player 12","Game 14",5,1,"A","B",22,9,20,11,"odd"
"274","Player 12","Game 14",5,2,NA,NA,NA,NA,20,11,"odd"
"275","Player 12","Game 14",5,3,NA,NA,NA,NA,20,11,"odd"
"276","Player 12","Game 14",5,4,NA,NA,NA,NA,20,11,"odd"
"277","Player 12","Game 15",5,1,"A","B",13,9,11,11,"even"
"278","Player 12","Game 15",5,2,NA,NA,NA,NA,11,11,"even"
"279","Player 12","Game 15",5,3,NA,NA,NA,NA,11,11,"even"
"280","Player 12","Game 15",5,4,NA,NA,NA,NA,11,11,"even"
"281","Player 12","Game 16",5,1,"A","B",13,9,11,11,"even"
"282","Player 12","Game 16",5,2,NA,NA,NA,NA,11,11,"even"
"283","Player 12","Game 16",5,3,NA,NA,NA,NA,11,11,"even"
"284","Player 12","Game 16",5,4,NA,NA,NA,NA,11,11,"even"
"285","Player 12","Game 17",10,1,"A","A",19,10,20,11,"odd"
"286","Player 12","Game 17",10,2,"A","B",22,7,20,11,"odd"
"287","Player 12","Game 17",10,3,NA,NA,NA,NA,20,11,"odd"
"288","Player 12","Game 17",10,4,NA,NA,NA,NA,20,11,"odd"
"289","Player 12","Game 18",7,1,"B","A",9,13,11,11,"even"
"290","Player 12","Game 18",7,2,NA,NA,NA,NA,11,11,"even"
"291","Player 12","Game 18",7,3,NA,NA,NA,NA,11,11,"even"
"292","Player 12","Game 18",7,4,NA,NA,NA,NA,11,11,"even"
"293","Player 12","Game 19",1,1,"A","A",10,10,11,11,"even"
"294","Player 12","Game 19",1,2,"A","A",8,8,11,11,"even"
"295","Player 12","Game 19",1,3,"A","A",5,5,11,11,"even"
"296","Player 12","Game 19",1,4,"A","A",1,1,11,11,"even"
"301","Player 12","Game 20",2,1,"A","A",19,10,20,11,"odd"
"302","Player 12","Game 20",2,2,"A","A",17,8,20,11,"odd"
"303","Player 12","Game 20",2,3,"A","A",14,5,20,11,"odd"
"304","Player 12","Game 20",2,4,"A","A",10,1,20,11,"odd"
"305","Player 12","Game 21",4,1,"A","B",13,9,11,11,"even"
"306","Player 12","Game 21",4,2,NA,NA,NA,NA,11,11,"even"
"307","Player 12","Game 21",4,3,NA,NA,NA,NA,11,11,"even"
"308","Player 12","Game 21",4,4,NA,NA,NA,NA,11,11,"even"
